variable,bin,count,count_distr,good,bad,badprob,woe,bin_iv,total_iv,breaks,is_special_values,variable_name
owns_car,"[-inf,1.0)",134940,0.6609845701689934,130849,4091,0.030317178005039278,0.0077346137620420185,3.968695326321351e-05,0.0001179050106546832,1.0,False,owns_car
owns_car,"[1.0,inf)",69210,0.33901542983100663,67158,2052,0.02964889466840052,-0.015243963403485356,7.821805739146968e-05,0.0001179050106546832,inf,False,owns_car
total_debt,"[-inf,150000.0)",84002,0.4114719568944404,81441,2561,0.03048736934834885,0.01350813693534955,7.555966424818998e-05,0.0039119470871956715,150000.0,False,total_debt
total_debt,"[150000.0,200000.0)",36720,0.1798677443056576,35654,1066,0.029030501089324617,-0.036958855362840014,0.00024147042427374572,0.0039119470871956715,200000.0,False,total_debt
total_debt,"[200000.0,600000.0)",36156,0.17710506980161647,34967,1189,0.03288527491979201,0.09169701955465234,0.0015550779656738197,0.0039119470871956715,600000.0,False,total_debt
total_debt,"[600000.0,1800000.0)",32295,0.15819250551065392,31351,944,0.02923053104195696,-0.029886115910295805,0.00013932731956971272,0.0039119470871956715,1800000.0,False,total_debt
total_debt,"[1800000.0,inf)",14977,0.07336272348763165,14594,383,0.02557254456833812,-0.16734161372174255,0.0019005117134302033,0.0039119470871956715,inf,False,total_debt
num_refused,"[-inf,1.0)",134313,0.65791329904482,130931,3382,0.025179990023303775,-0.18321405497991297,0.020281605946247627,0.05289218445100634,1.0,False,num_refused
num_refused,"[1.0,2.0)",32378,0.15859906931178056,31174,1204,0.03718574340601643,0.21905409424294703,0.0084459731040272,0.05289218445100634,2.0,False,num_refused
num_refused,"[2.0,inf)",37459,0.18348763164339946,35902,1557,0.04156544488640914,0.3349570500261597,0.024164605400731513,0.05289218445100634,inf,False,num_refused
max_overdue,"[-inf,inf)",204150,1.0,198007,6143,0.03009061964241979,0.0,0.0,0.0,inf,False,max_overdue
total_debt_CC,"[-inf,15000.0)",143311,0.7019887337741857,139165,4146,0.028930089106907354,-0.04052710406641811,0.0011312797026419412,0.0049565289824464375,15000.0,False,total_debt_CC
total_debt_CC,"[15000.0,150000.0)",25654,0.12566250306147442,24758,896,0.03492632727839713,0.15402562630635178,0.003206981352926215,0.0049565289824464375,150000.0,False,total_debt_CC
total_debt_CC,"[150000.0,260000.0)",14242,0.06976242958608866,13819,423,0.029700884707204046,-0.013438395334029848,1.2519184984843093e-05,0.0049565289824464375,260000.0,False,total_debt_CC
total_debt_CC,"[260000.0,inf)",20943,0.10258633357825128,20265,678,0.03237358544621115,0.0754859103011637,0.0006057487418934378,0.0049565289824464375,inf,False,total_debt_CC
max_dpd_l6m,"[-inf,inf)",204150,1.0,198007,6143,0.03009061964241979,0.0,0.0,0.0,inf,False,max_dpd_l6m
utilization_PL,"[-inf,0.04)",85067,0.4166887092823904,82463,2604,0.030611165316750327,0.017688177876758096,0.00013145931987879628,0.003093681800927969,0.04,False,utilization_PL
utilization_PL,"[0.04,0.06)",31876,0.15614009306882196,30959,917,0.028767724934119714,-0.046322393760771706,0.0003278448881731254,0.003093681800927969,0.06,False,utilization_PL
utilization_PL,"[0.06,0.44)",50243,0.24610825373499878,48651,1592,0.031686006010787575,0.053307885440021074,0.0007171685248043904,0.003093681800927969,0.44,False,utilization_PL
utilization_PL,"[0.44,0.56)",12684,0.06213078618662748,12308,376,0.029643645537685274,-0.015426431628860975,1.4678862430803117e-05,0.003093681800927969,0.56,False,utilization_PL
utilization_PL,"[0.56,0.7000000000000001)",10601,0.05192750428606417,10335,266,0.025091972455428734,-0.18680600191099275,0.0016614163108937478,0.003093681800927969,0.7000000000000001,False,utilization_PL
utilization_PL,"[0.7000000000000001,inf)",13679,0.06700465344109723,13291,388,0.028364646538489656,-0.060847892374882445,0.00024111389474710566,0.003093681800927969,inf,False,utilization_PL
max_credit_overdue_days,"[-inf,inf)",204150,1.0,198007,6143,0.03009061964241979,0.0,0.0,0.0,inf,False,max_credit_overdue_days
avg_credit_age_years,"[-inf,0.8000000000000003)",12052,0.059035023267205486,11801,251,0.02082641885164288,-0.3774974520707879,0.007074071289081022,0.021711087434082003,0.8000000000000003,False,avg_credit_age_years
avg_credit_age_years,"[0.8000000000000003,1.9000000000000006)",34180,0.167425912319373,33353,827,0.02419543592744295,-0.2241091458736799,0.0075790942488474875,0.021711087434082003,1.9000000000000006,False,avg_credit_age_years
avg_credit_age_years,"[1.9000000000000006,3.200000000000001)",84287,0.41286798922361007,81748,2539,0.030123269306061434,0.0011181194994288855,5.164352220098763e-07,0.021711087434082003,3.200000000000001,False,avg_credit_age_years
avg_credit_age_years,"[3.200000000000001,inf)",73631,0.3606710751898114,71105,2526,0.03430620255055615,0.13546852752681654,0.007057405460931483,0.021711087434082003,inf,False,avg_credit_age_years
active_pl,"[-inf,1.0)",65850,0.32255694342395297,63872,1978,0.030037965072133636,-0.0018056860653013907,1.0508057094033364e-06,0.0006491897596304076,1.0,False,active_pl
active_pl,"[1.0,2.0)",90443,0.44302228753367623,87776,2667,0.029488185929259312,-0.020844708132138682,0.00019061995855730726,0.0006491897596304076,2.0,False,active_pl
active_pl,"[2.0,3.0)",29734,0.14564780798432525,28792,942,0.031680904015605034,0.05314158624067341,0.00042174599514420907,0.0006491897596304076,3.0,False,active_pl
active_pl,"[3.0,inf)",18123,0.08877296105804555,17567,556,0.03067924736522651,0.019980034660376265,3.577300021948793e-05,0.0006491897596304076,inf,False,active_pl
registration_years,"[-inf,7.0)",61226,0.29990693117805534,59581,1645,0.026867670597458596,-0.11660718565952868,0.003861917262882518,0.006311944672630332,7.0,False,registration_years
registration_years,"[7.0,10.0)",22263,0.1090521675238795,21618,645,0.028971836679692765,-0.0390421017571988,0.00016321160838125357,0.006311944672630332,10.0,False,registration_years
registration_years,"[10.0,inf)",120661,0.5910409012980652,116808,3853,0.0319324388161875,0.061309665867934474,0.002286815801366561,0.006311944672630332,inf,False,registration_years
credit_prolongation_count,"[-inf,inf)",204150,1.0,198007,6143,0.03009061964241979,0.0,0.0,0.0,inf,False,credit_prolongation_count
PL_cnt_30dpd_l12m,"[-inf,inf)",204150,1.0,198007,6143,0.03009061964241979,0.0,0.0,0.0,inf,False,PL_cnt_30dpd_l12m
approval_rate,"[-inf,0.5199999999999998)",50686,0.248278226794024,49286,1400,0.027621039340251747,-0.08817866701630277,0.001852520515433749,0.04899679379543339,0.5199999999999998,False,approval_rate
approval_rate,"[0.5199999999999998,0.6399999999999998)",14182,0.06946852804310556,13618,564,0.03976872091383444,0.28889568687832373,0.006655137402752448,0.04899679379543339,0.6399999999999998,False,approval_rate
approval_rate,"[0.6399999999999998,0.6799999999999997)",15437,0.07561596865050209,14957,480,0.031094124506056878,0.03384056866578695,8.798494429076692e-05,0.04899679379543339,0.6799999999999997,False,approval_rate
approval_rate,"[0.6799999999999997,0.9599999999999996)",30572,0.14975263286798923,29235,1337,0.04373282742378647,0.38805083791534917,0.027163483341348632,0.04899679379543339,0.9599999999999996,False,approval_rate
approval_rate,"[0.9599999999999996,inf)",93273,0.45688464364437914,90911,2362,0.025323512699280605,-0.17738312676492204,0.01323766759160779,0.04899679379543339,inf,False,approval_rate
total_30dpd_l1m,"[-inf,inf)",204150,1.0,198007,6143,0.03009061964241979,0.0,0.0,0.0,inf,False,total_30dpd_l1m
PL_max_dpd_l3m,"[-inf,inf)",204150,1.0,198007,6143,0.03009061964241979,0.0,0.0,0.0,inf,False,PL_max_dpd_l3m
total_debt_HL,"[-inf,inf)",204150,1.0,198007,6143,0.03009061964241979,0.0,0.0,0.0,inf,False,total_debt_HL
on_us_cnt_60dpd,"[-inf,inf)",204150,1.0,198007,6143,0.03009061964241979,0.0,0.0,0.0,inf,False,on_us_cnt_60dpd
active_cc,"[-inf,1.0)",76317,0.3738280675973549,74079,2238,0.029325052085380714,-0.026560320013815822,0.00026045124589759285,0.0023282989097240855,1.0,False,active_cc
active_cc,"[1.0,2.0)",88461,0.43331373989713445,85847,2614,0.029549745085404866,-0.018695865436760547,0.00015013512009053295,0.0023282989097240855,2.0,False,active_cc
active_cc,"[2.0,3.0)",23789,0.11652706343374969,23034,755,0.031737357602253144,0.05498024644334885,0.0003614895027448489,0.0023282989097240855,3.0,False,active_cc
active_cc,"[3.0,inf)",15583,0.07633112907176096,15047,536,0.03439645767823911,0.13818940773510072,0.001556223040991111,0.0023282989097240855,inf,False,active_cc
num_cancelled,"[-inf,1.0)",126909,0.6216458486407054,122937,3972,0.0312980166891237,0.040586878572365925,0.0010437981157757625,0.0031096385496351044,1.0,False,num_cancelled
num_cancelled,"[1.0,2.0)",34939,0.17114376683810922,33929,1010,0.02890752454277455,-0.04133061364220734,0.0002867413362302388,0.0031096385496351044,2.0,False,num_cancelled
num_cancelled,"[2.0,inf)",42302,0.2072103845211854,41141,1161,0.027445510850550803,-0.09473432703402217,0.0017790990976291033,0.0031096385496351044,inf,False,num_cancelled
credit_goods_ratio,"[-inf,1.07)",79014,0.38703894195444527,76842,2172,0.027488799453261447,-0.09311380217712376,0.0032128001642173693,0.009863914736731415,1.07,False,credit_goods_ratio
credit_goods_ratio,"[1.07,1.1900000000000002)",64670,0.31677687974528534,62724,1946,0.03009123241070048,2.0995668205120428e-05,1.3964235470256774e-10,0.009863914736731415,1.1900000000000002,False,credit_goods_ratio
credit_goods_ratio,"[1.1900000000000002,1.2200000000000002)",26343,0.12903747244673033,25380,963,0.036556200888281515,0.20132583195292383,0.005755202813597096,0.009863914736731415,1.2200000000000002,False,credit_goods_ratio
credit_goods_ratio,"[1.2200000000000002,1.3800000000000003)",22030,0.10791084986529513,21376,654,0.029686790739900135,-0.013927563455996552,2.0795787299576044e-05,0.009863914736731415,1.3800000000000003,False,credit_goods_ratio
credit_goods_ratio,"[1.3800000000000003,inf)",12093,0.059235855988243935,11685,408,0.033738526420243116,0.1181950888543803,0.0008751158319750176,0.009863914736731415,inf,False,credit_goods_ratio
max_dpd_l12m,"[-inf,30.0)",193305,0.9468772961058045,187716,5589,0.028912857918832933,-0.04114064065689547,0.00157202663128418,0.02263123240894717,30.0,False,max_dpd_l12m
max_dpd_l12m,"[30.0,inf)",10845,0.05312270389419545,10291,554,0.05108344859382204,0.5511288423343691,0.02105920577766299,0.02263123240894717,inf,False,max_dpd_l12m
max_credit_amt,"[-inf,100000.0)",48091,0.2355669850600049,46888,1203,0.02501507558586846,-0.1899541807584093,0.007781863189518732,0.011976197297708987,100000.0,False,max_credit_amt
max_credit_amt,"[100000.0,150000.0)",28010,0.13720303698261083,27203,807,0.028811138878971795,-0.04476971062666095,0.00026928953848697336,0.011976197297708987,150000.0,False,max_credit_amt
max_credit_amt,"[150000.0,1350000.0)",117593,0.5760127357335293,113767,3826,0.03253595026914868,0.08065653522734834,0.0038926642313100875,0.011976197297708987,1350000.0,False,max_credit_amt
max_credit_amt,"[1350000.0,inf)",10456,0.05121724222385501,10149,307,0.02936113236419281,-0.02529354843844426,3.238033839319445e-05,0.011976197297708987,inf,False,max_credit_amt
num_prev_apps,"[-inf,2.0)",36488,0.17873132500612296,35978,510,0.013977197982898487,-0.7832630323810831,0.07729186487443929,0.11631565789687567,2.0,False,num_prev_apps
num_prev_apps,"[2.0,3.0)",32089,0.15718344354641195,31317,772,0.024058088441522015,-0.22994264862845504,0.007470739871488243,0.11631565789687567,3.0,False,num_prev_apps
num_prev_apps,"[3.0,4.0)",27864,0.13648787656135195,27054,810,0.029069767441860465,-0.03556673855947786,0.00016980039586691494,0.11631565789687567,4.0,False,num_prev_apps
num_prev_apps,"[4.0,inf)",107709,0.5275973548861131,103658,4051,0.03761059892859464,0.23085590691356203,0.03138325275508121,0.11631565789687567,inf,False,num_prev_apps
PL_cnt_30dpd_l1m,"[-inf,inf)",204150,1.0,198007,6143,0.03009061964241979,0.0,0.0,0.0,inf,False,PL_cnt_30dpd_l1m
count_family_members,"[-inf,2.0)",44602,0.21847661033553759,43323,1279,0.02867584413255011,-0.049615987792655185,0.0005254747278904365,0.0019408117231826387,2.0,False,count_family_members
count_family_members,"[2.0,3.0)",104869,0.5136860151849131,101620,3249,0.030981510265187997,0.030096051944554326,0.0004719210694219509,0.0019408117231826387,3.0,False,count_family_members
count_family_members,"[3.0,4.0)",35334,0.17307861866274799,34333,1001,0.02832965415746873,-0.062118329020271444,0.0006487117112690903,0.0019408117231826387,4.0,False,count_family_members
count_family_members,"[4.0,inf)",19345,0.09475875581680138,18731,614,0.031739467562677696,0.055048905274427025,0.0002947042146011611,0.0019408117231826387,inf,False,count_family_members
avg_application_amt,"[-inf,30000.0)",12356,0.06052412441831986,11917,439,0.03552929750728391,0.171767343407542,0.0019373146368745647,0.007092431969667703,30000.0,False,avg_application_amt
avg_application_amt,"[30000.0,70000.0)",49185,0.24092578986039676,47602,1583,0.03218460912879943,0.06943616516063612,0.0012002762842540718,0.007092431969667703,70000.0,False,avg_application_amt
avg_application_amt,"[70000.0,330000.0)",122480,0.5999510164095028,118855,3625,0.02959666884389288,-0.017060813027404923,0.00017323550967258017,0.007092431969667703,330000.0,False,avg_application_amt
avg_application_amt,"[330000.0,inf)",20129,0.09859906931178056,19633,496,0.024641065129912067,-0.20540201475064462,0.003781605538866486,0.007092431969667703,inf,False,avg_application_amt
total_active_tradelines,"[-inf,3.0)",147363,0.7218368846436444,143026,4337,0.029430725487401856,-0.02285440563839688,0.0003730104443778152,0.0019327534711731523,3.0,False,total_active_tradelines
total_active_tradelines,"[3.0,4.0)",25375,0.124295860886603,24601,774,0.030502463054187193,0.014018663512151171,2.4588560851787944e-05,0.0019327534711731523,4.0,False,total_active_tradelines
total_active_tradelines,"[4.0,5.0)",14767,0.0723340680871908,14300,467,0.03162456829416943,0.05130360284407549,0.00019504700543130618,0.0019327534711731523,5.0,False,total_active_tradelines
total_active_tradelines,"[5.0,inf)",16645,0.08153318638256184,16080,565,0.03394412736557525,0.12448334983666048,0.001340107460512243,0.0019327534711731523,inf,False,total_active_tradelines
total_exposure_HL,"[-inf,inf)",204150,1.0,198007,6143,0.03009061964241979,0.0,0.0,0.0,inf,False,total_exposure_HL
total_debt_AL,"[-inf,inf)",204150,1.0,198007,6143,0.03009061964241979,0.0,0.0,0.0,inf,False,total_debt_AL
total_exposure_CC,"[-inf,100000.0)",118840,0.5821209894685281,115310,3530,0.02970380343318748,-0.013337121414642597,0.00010290055984171019,0.0015461026089167787,100000.0,False,total_exposure_CC
total_exposure_CC,"[100000.0,520000.0)",62543,0.3063580700465344,60639,1904,0.03044305517803751,0.012007847359379886,4.442340915394552e-05,0.0015461026089167787,520000.0,False,total_exposure_CC
total_exposure_CC,"[520000.0,800000.0)",12174,0.059632623071271124,11759,415,0.03408904222112699,0.1288934978304593,0.0010530314041810448,0.0015461026089167787,800000.0,False,total_exposure_CC
total_exposure_CC,"[800000.0,inf)",10593,0.051888317413666424,10299,294,0.027754177286887567,-0.08323315336394312,0.00034574723574007837,0.0015461026089167787,inf,False,total_exposure_CC
employment_years,"[-inf,7.0)",110687,0.5421846681361744,107737,2950,0.026651729652082,-0.12489874027822485,0.007979235498120475,0.017421801931578794,7.0,False,employment_years
employment_years,"[7.0,9.0)",16537,0.08100416360519226,16026,511,0.030900405152083206,0.027391069288865352,6.156360446269009e-05,0.017421801931578794,9.0,False,employment_years
employment_years,"[9.0,inf)",76926,0.37681116825863337,74244,2682,0.03486467514234459,0.15219497994581152,0.009381002828995627,0.017421801931578794,inf,False,employment_years
document_count,"[-inf,1.0)",18616,0.0911878520695567,18239,377,0.020251396648044692,-0.40608308869281007,0.01248390348862058,0.013507639424019708,1.0,False,document_count
document_count,"[1.0,inf)",185534,0.9088121479304433,179768,5766,0.03107786173962724,0.033300629969756086,0.0010237359353991275,0.013507639424019708,inf,False,document_count
utilization_AL,"[-inf,inf)",204150,1.0,198007,6143,0.03009061964241979,0.0,0.0,0.0,inf,False,utilization_AL
max_prev_term,"[-inf,8.0)",17984,0.08809208915013471,17638,346,0.01923932384341637,-0.45838300796722503,0.015013596210976839,0.02736328382477607,8.0,False,max_prev_term
max_prev_term,"[8.0,12.0)",19107,0.0935929463629684,18540,567,0.02967498822421102,-0.014337373968917004,1.9109917454637536e-05,0.02736328382477607,12.0,False,max_prev_term
max_prev_term,"[12.0,14.0)",52984,0.25953465589027674,51589,1395,0.026328703004680657,-0.13742489477071507,0.0045973508425726966,0.02736328382477607,14.0,False,max_prev_term
max_prev_term,"[14.0,inf)",114075,0.5587803085966201,110240,3835,0.03361823361823362,0.11449878897704789,0.007733226853771897,0.02736328382477607,inf,False,max_prev_term
active_al,"[-inf,inf)",204150,1.0,198007,6143,0.03009061964241979,0.0,0.0,0.0,inf,False,active_al
PL_max_dpd_l1m,"[-inf,inf)",204150,1.0,198007,6143,0.03009061964241979,0.0,0.0,0.0,inf,False,PL_max_dpd_l1m
CC_max_dpd_l1m,"[-inf,inf)",204150,1.0,198007,6143,0.03009061964241979,0.0,0.0,0.0,inf,False,CC_max_dpd_l1m
total_exposure_PL,"[-inf,100000.0)",28026,0.13728141072740632,27275,751,0.0267965460643688,-0.11933099751395987,0.0018489961605058685,0.006060060153147064,100000.0,False,total_exposure_PL
total_exposure_PL,"[100000.0,400000.0)",41046,0.20105804555473916,39764,1282,0.031233250499439653,0.038448539571756556,0.000302652985433483,0.006060060153147064,400000.0,False,total_exposure_PL
total_exposure_PL,"[400000.0,600000.0)",17020,0.08337007102620622,16442,578,0.033960047003525264,0.12496871438347579,0.0013813250291733483,0.006060060153147064,600000.0,False,total_exposure_PL
total_exposure_PL,"[600000.0,700000.0)",36147,0.177060984570169,35104,1043,0.028854400088527403,-0.043224746651007395,0.0003241818150071446,0.006060060153147064,700000.0,False,total_exposure_PL
total_exposure_PL,"[700000.0,1500000.0)",37025,0.1813617438158217,35866,1159,0.03130317353139771,0.040756954254558955,0.00030710448790802994,0.006060060153147064,1500000.0,False,total_exposure_PL
total_exposure_PL,"[1500000.0,2100000.0)",14667,0.07184423218221896,14176,491,0.03347651189745687,0.1101276163728353,0.0009179076522753607,0.006060060153147064,2100000.0,False,total_exposure_PL
total_exposure_PL,"[2100000.0,inf)",30219,0.14802351212343864,29380,839,0.027763989543002746,-0.08286958183748525,0.0009778920228438294,0.006060060153147064,inf,False,total_exposure_PL
employment_age_ratio,"[-inf,0.05)",36141,0.17703159441587069,35105,1036,0.028665504551617278,-0.049987265208743796,0.0004321134718310265,0.01571448726436589,0.05,False,employment_age_ratio
employment_age_ratio,"[0.05,0.16)",67064,0.32850355131031106,65338,1726,0.02573660980555887,-0.16077804249852407,0.007879414020363113,0.01571448726436589,0.16,False,employment_age_ratio
employment_age_ratio,"[0.16,0.27)",35035,0.1716140093068822,33930,1105,0.03153988868274583,0.04853491759675425,0.00041361259810265784,0.01571448726436589,0.27,False,employment_age_ratio
employment_age_ratio,"[0.27,inf)",65910,0.32285084496693606,63634,2276,0.034531937490517375,0.14226075898918306,0.0069893471740690915,0.01571448726436589,inf,False,employment_age_ratio
active_pct_tradelines,"[-inf,0.14)",35144,0.17214793044330148,34138,1006,0.028625085363077625,-0.05143990024141681,0.00044466773085907843,0.006298565037554127,0.14,False,active_pct_tradelines
active_pct_tradelines,"[0.14,0.36)",50334,0.24655400440852315,48671,1663,0.03303929749274844,0.0965289914617736,0.0024045558350400836,0.006298565037554127,0.36,False,active_pct_tradelines
active_pct_tradelines,"[0.36,0.38)",32819,0.16075924565270636,31869,950,0.02894664675949907,-0.03993788343035959,0.0002516601458557741,0.006298565037554127,0.38,False,active_pct_tradelines
active_pct_tradelines,"[0.38,0.66)",47203,0.231217242223855,45719,1484,0.03143867974493147,0.045216339746923864,0.0004829059818454865,0.006298565037554127,0.66,False,active_pct_tradelines
active_pct_tradelines,"[0.66,0.86)",16988,0.08321332353661523,16509,479,0.028196373910995998,-0.06697120689377632,0.00036170542301914893,0.006298565037554127,0.86,False,active_pct_tradelines
active_pct_tradelines,"[0.86,inf)",21662,0.10610825373499877,21101,561,0.02589788569845813,-0.15436564476018366,0.002353069920934556,0.006298565037554127,inf,False,active_pct_tradelines
total_credit_exposure,"[-inf,200000.0)",27645,0.13541513592946364,26866,779,0.028178694158075602,-0.06761661832903328,0.0005998315819849712,0.008058600462795948,200000.0,False,total_credit_exposure
total_credit_exposure,"[200000.0,900000.0)",56669,0.27758510898848887,54859,1810,0.03193986129982883,0.061549749574870485,0.0010825646274194465,0.008058600462795948,900000.0,False,total_credit_exposure
total_credit_exposure,"[900000.0,1000000.0)",34551,0.16924320352681851,33572,979,0.028334925183062718,-0.06192686124903077,0.0006304881866478477,0.008058600462795948,1000000.0,False,total_credit_exposure
total_credit_exposure,"[1000000.0,1300000.0)",13160,0.0644624050942934,12700,460,0.034954407294832825,0.1548583784596349,0.0016636176818761656,0.008058600462795948,1300000.0,False,total_credit_exposure
total_credit_exposure,"[1300000.0,1600000.0)",10812,0.05296105804555474,10508,304,0.028116907140214576,-0.06987528797603192,0.0002502660072839838,0.008058600462795948,1600000.0,False,total_credit_exposure
total_credit_exposure,"[1600000.0,2300000.0)",17841,0.08739162380602498,17237,604,0.03385460456252452,0.12174984420360055,0.0013722201972878327,0.008058600462795948,2300000.0,False,total_credit_exposure
total_credit_exposure,"[2300000.0,5000000.0)",28101,0.1376487876561352,27281,820,0.02918045621152272,-0.031652266495570985,0.00013587335395082284,0.008058600462795948,5000000.0,False,total_credit_exposure
total_credit_exposure,"[5000000.0,inf)",15371,0.07529267695322067,14984,387,0.02517728189447661,-0.18332438967096565,0.002323738826344878,0.008058600462795948,inf,False,total_credit_exposure
age_years,"[-inf,26.0)",10606,0.05195199608131276,10517,89,0.008391476522722987,-1.2991227433647115,0.05018023814647258,0.060604633747677834,26.0,False,age_years
age_years,"[26.0,29.0)",13743,0.06731814842027921,13411,332,0.02415775303791021,-0.2257064143712746,0.003088718695499099,0.060604633747677834,29.0,False,age_years
age_years,"[29.0,40.0)",59796,0.2929022777369581,58071,1725,0.02884808348384507,-0.04345018792501822,0.0005418276369680164,0.060604633747677834,40.0,False,age_years
age_years,"[40.0,inf)",120005,0.5878275777614499,116008,3997,0.03330694554393567,0.10487408690676936,0.006793849268738142,0.060604633747677834,inf,False,age_years
owns_house,"[-inf,1.0)",59876,0.2932941464609356,57946,1930,0.032233282116373836,0.07099762195811712,0.0015287577468001425,0.002194411878647668,1.0,False,owns_house
owns_house,"[1.0,inf)",144274,0.7067058535390645,140061,4213,0.02920138070615634,-0.030913897579056798,0.0006656541318475252,0.002194411878647668,inf,False,owns_house
enquiry_L1M,"[-inf,1.0)",168418,0.8249718344354641,163321,5097,0.03026398603474688,0.0059237033996394585,2.9029198686454573e-05,0.00016807455671431477,1.0,False,enquiry_L1M
enquiry_L1M,"[1.0,inf)",35732,0.17502816556453588,34686,1046,0.02927348035374454,-0.028373620262485896,0.0001390453580278602,0.00016807455671431477,inf,False,enquiry_L1M
annuity_income_ratio,"[-inf,0.11000000000000001)",45966,0.22515797207935342,44822,1144,0.024887960666579646,-0.19517903593261343,0.007833999978422003,0.011461294105345897,0.11000000000000001,False,annuity_income_ratio
annuity_income_ratio,"[0.11000000000000001,0.13000000000000003)",20106,0.09848640705363704,19521,585,0.02909579230080573,-0.034645079508060485,0.0001163063103246369,0.011461294105345897,0.13000000000000003,False,annuity_income_ratio
annuity_income_ratio,"[0.13000000000000003,0.23000000000000004)",87304,0.4276463384766103,84583,2721,0.0311669568404655,0.03625532043086348,0.0005717979116005482,0.011461294105345897,0.23000000000000004,False,annuity_income_ratio
annuity_income_ratio,"[0.23000000000000004,inf)",50774,0.24870928239039922,49081,1693,0.033343837397093,0.1060192700409043,0.0029391899049987093,0.011461294105345897,inf,False,annuity_income_ratio
total_credit_enquiries,"[-inf,1.0)",56392,0.27622826353171687,54766,1626,0.028833877145694426,-0.04395739089769264,0.0005228583288770795,0.0028901129154380997,1.0,False,total_credit_enquiries
total_credit_enquiries,"[1.0,2.0)",36487,0.17872642664707322,35417,1070,0.02932551319648094,-0.026544120959840323,0.00012437030242504042,0.0028901129154380997,2.0,False,total_credit_enquiries
total_credit_enquiries,"[2.0,3.0)",35311,0.17296595640460447,34223,1088,0.030811928294299226,0.02443237720510586,0.00010444441173366759,0.0028901129154380997,3.0,False,total_credit_enquiries
total_credit_enquiries,"[3.0,4.0)",27139,0.13293656625030614,26253,886,0.03264674453738163,0.08417056482431715,0.0009799963941383779,0.0028901129154380997,4.0,False,total_credit_enquiries
total_credit_enquiries,"[4.0,7.0)",38368,0.18794024001959345,37252,1116,0.02908673894912427,-0.034965609277115214,0.00022603760065210884,0.0028901129154380997,7.0,False,total_credit_enquiries
total_credit_enquiries,"[7.0,inf)",10453,0.05120254714670586,10096,357,0.034152874772792496,0.13083035842182164,0.0009324058776118255,0.0028901129154380997,inf,False,total_credit_enquiries
CC_cnt_30dpd_l12m,"[-inf,inf)",204150,1.0,198007,6143,0.03009061964241979,0.0,0.0,0.0,inf,False,CC_cnt_30dpd_l12m
avg_debt_per_tradeline,"[-inf,10000.0)",62705,0.3071516042125888,60819,1886,0.03007734630412248,-0.00045489451972386075,6.354499727904711e-08,0.00553468152817697,10000.0,False,avg_debt_per_tradeline
avg_debt_per_tradeline,"[10000.0,160000.0)",107651,0.5273132500612295,104269,3382,0.03141633612321298,0.044482313630290475,0.0010654778279665913,0.00553468152817697,160000.0,False,avg_debt_per_tradeline
avg_debt_per_tradeline,"[160000.0,380000.0)",20961,0.10267450404114621,20389,572,0.027288774390534804,-0.10062266591399947,0.0009918369595209025,0.00553468152817697,380000.0,False,avg_debt_per_tradeline
avg_debt_per_tradeline,"[380000.0,inf)",12833,0.06286064168503551,12530,303,0.023611002883191772,-0.24915908095756795,0.003477303195692197,0.00553468152817697,inf,False,avg_debt_per_tradeline
goods_income_ratio,"[-inf,1.4000000000000004)",30075,0.1473181484202792,29279,796,0.026467165419783875,-0.1320374672189963,0.0024149821499632714,0.006417069458250935,1.4000000000000004,False,goods_income_ratio
goods_income_ratio,"[1.4000000000000004,2.8000000000000007)",66979,0.328087190791085,64949,2030,0.030308006987264664,0.0074226079376054415,1.8139184749392322e-05,0.006417069458250935,2.8000000000000007,False,goods_income_ratio
goods_income_ratio,"[2.8000000000000007,4.400000000000002)",52963,0.25943179035023267,51453,1510,0.0285104695730982,-0.05556995736804379,0.0007805474338319852,0.006417069458250935,4.400000000000002,False,goods_income_ratio
goods_income_ratio,"[4.400000000000002,inf)",54133,0.26516287043840314,52326,1807,0.03338074741839543,0.10716379356036486,0.003203400689706285,0.006417069458250935,inf,False,goods_income_ratio
total_closed_tradelines,"[-inf,2.0)",56672,0.277599804065638,55151,1521,0.026838650479954828,-0.11771770320106334,0.0036412044365590323,0.0063196515673886785,2.0,False,total_closed_tradelines
total_closed_tradelines,"[2.0,5.0)",97316,0.4766887092823904,94354,2962,0.030436927124008386,0.011800211016368498,6.674584299634328e-05,0.0063196515673886785,5.0,False,total_closed_tradelines
total_closed_tradelines,"[5.0,6.0)",13207,0.06469262796963017,12754,453,0.03429999242825774,0.13528106003099388,0.0012622543892290223,0.0063196515673886785,6.0,False,total_closed_tradelines
total_closed_tradelines,"[6.0,inf)",36955,0.1810188586823414,35748,1207,0.032661344878906776,0.08463278001942576,0.0013494468986042798,0.0063196515673886785,inf,False,total_closed_tradelines
days_since_last_application,"[-inf,-1650.0)",11406,0.05587068332108744,10851,555,0.0486586007364545,0.4999447545494038,0.01777085788080312,0.03356296956779707,-1650.0,False,days_since_last_application
days_since_last_application,"[-1650.0,-650.0)",33733,0.16523634582414892,32511,1222,0.03622565440369964,0.19189952856361273,0.006665522933885194,0.03356296956779707,-650.0,False,days_since_last_application
days_since_last_application,"[-650.0,-50.0)",138776,0.679774675483713,135050,3726,0.026849022885801578,-0.11732064663605091,0.008858009214981788,0.03356296956779707,-50.0,False,days_since_last_application
days_since_last_application,"[-50.0,inf)",20235,0.0991182953710507,19595,640,0.03162836669137633,0.05142762714316265,0.0002685795381269739,0.03356296956779707,inf,False,days_since_last_application
total_30dpd_l6m,"[-inf,inf)",204150,1.0,198007,6143,0.03009061964241979,0.0,0.0,0.0,inf,False,total_30dpd_l6m
utilization_CC,"[-inf,0.08)",143857,0.7046632378153319,139696,4161,0.02892455702537937,-0.04072404164447071,0.001146547547561327,0.004080215710748568,0.08,False,utilization_CC
utilization_CC,"[0.08,0.54)",21518,0.10540289003183934,20779,739,0.03434334045915048,0.13658894207149858,0.0020978413555879315,0.004080215710748568,0.54,False,utilization_CC
utilization_CC,"[0.54,inf)",38775,0.1899338721528288,37532,1243,0.03205673758865248,0.06532307152394769,0.0008358268075993097,0.004080215710748568,inf,False,utilization_CC
social_risk_ratio,"[-inf,0.13)",182032,0.8916580945383297,176637,5395,0.02963764612815329,-0.015635019115578724,0.00021637510498348123,0.0019325701377600135,0.13,False,social_risk_ratio
social_risk_ratio,"[0.13,0.34)",11865,0.058119030124908155,11471,394,0.03320691108301728,0.10176268043984299,0.0006315135484187615,0.0019325701377600135,0.34,False,social_risk_ratio
social_risk_ratio,"[0.34,inf)",10253,0.05022287533676219,9899,354,0.03452648005461816,0.1420970536371441,0.0010846814843577708,0.0019325701377600135,inf,False,social_risk_ratio
max_application_amt,"[-inf,200000.0)",100339,0.49149644868968895,97535,2804,0.027945265549786224,-0.0761751573513754,0.0027521394563167307,0.007414176145846571,200000.0,False,max_application_amt
max_application_amt,"[200000.0,250000.0)",19352,0.0947930443301494,18737,615,0.03177966101694915,0.056355971631182375,0.00030916791022056185,0.007414176145846571,250000.0,False,max_application_amt
max_application_amt,"[250000.0,350000.0)",15481,0.0758314964486897,14914,567,0.03662554098572444,0.2032928170471888,0.003451832666072468,0.007414176145846571,350000.0,False,max_application_amt
max_application_amt,"[350000.0,500000.0)",21653,0.10606416850355131,21007,646,0.029834203112732646,-0.008822329289901615,8.221208882727008e-06,0.007414176145846571,500000.0,False,max_application_amt
max_application_amt,"[500000.0,inf)",47325,0.23181484202792066,45814,1511,0.03192815636555732,0.06117112344739661,0.000892814904354083,0.007414176145846571,inf,False,max_application_amt
total_overdue,"[-inf,inf)",204150,1.0,198007,6143,0.03009061964241979,0.0,0.0,0.0,inf,False,total_overdue
id_publish_years,"[-inf,2.0)",20453,0.1001861376438893,19832,621,0.030362294039994134,0.009268169641629275,8.643468040962602e-06,0.009158414554060912,2.0,False,id_publish_years
id_publish_years,"[2.0,5.5)",39598,0.193965221650747,38597,1001,0.025279054497701903,-0.179185891486899,0.00572996221767866,0.009158414554060912,5.5,False,id_publish_years
id_publish_years,"[5.5,7.5)",24607,0.1205339211364193,23916,691,0.02808144024058195,-0.07117398480994824,0.0005905912288644885,0.009158414554060912,7.5,False,id_publish_years
id_publish_years,"[7.5,10.5)",36459,0.17858927259368113,35326,1133,0.031076003181656108,0.0332389067357944,0.00020042187086332636,0.009158414554060912,10.5,False,id_publish_years
id_publish_years,"[10.5,inf)",83033,0.4067254469752633,80336,2697,0.03248106174653451,0.07891136628842026,0.0026287957686134756,0.009158414554060912,inf,False,id_publish_years
own_car_age_missing,"[-inf,1.0)",69206,0.33899583639480774,67155,2051,0.029636158714562322,-0.015686739847617898,8.280590700320452e-05,0.0001248039097689333,1.0,False,own_car_age_missing
own_car_age_missing,"[1.0,inf)",134944,0.6610041636051922,130852,4092,0.030323689826891154,0.007956095976100216,4.1998002765728774e-05,0.0001248039097689333,inf,False,own_car_age_missing
num_accounts_AL,"[-inf,1.0)",191352,0.9373108008817046,185579,5773,0.03016953049876667,0.002700370103151215,6.843548956689313e-06,0.00011129500096178572,1.0,False,num_accounts_AL
num_accounts_AL,"[1.0,inf)",12798,0.06268919911829537,12428,370,0.02891076730739178,-0.04121510345149099,0.0001044514520050964,0.00011129500096178572,inf,False,num_accounts_AL
on_us_avg_dpd,"[-inf,1.0)",192758,0.9441978937056086,190209,2549,0.013223835067805226,-0.8394331807866319,0.4580566225978374,1.9304958422217573,1.0,False,on_us_avg_dpd
on_us_avg_dpd,"[1.0,inf)",11392,0.055802106294391376,7798,3594,0.31548455056179775,2.6983876592241387,1.4724392196239198,1.9304958422217573,inf,False,on_us_avg_dpd
active_hl,"[-inf,inf)",204150,1.0,198007,6143,0.03009061964241979,0.0,0.0,0.0,inf,False,active_hl
rejection_rate,"[-inf,0.06)",134488,0.6587705118785206,131102,3386,0.025176967461780976,-0.1833372010492989,0.02033418957732747,0.05297916774977496,0.06,False,rejection_rate
rejection_rate,"[0.06,0.36)",48527,0.2377026696056821,46541,1986,0.04092567024543038,0.3187780825098568,0.028131388375175308,0.05297916774977496,0.36,False,rejection_rate
rejection_rate,"[0.36,inf)",21135,0.1035268185157972,20364,771,0.03647977288857346,0.19915361996427972,0.004513589797272178,0.05297916774977496,inf,False,rejection_rate
max_dpd_l3m,"[-inf,inf)",204150,1.0,198007,6143,0.03009061964241979,0.0,0.0,0.0,inf,False,max_dpd_l3m
ext_mean,"[-inf,0.5399999999999998)",110815,0.5428116580945384,107274,3541,0.0319541578306186,0.062012025555205644,0.002149320050349118,0.009076351966859773,0.5399999999999998,False,ext_mean
ext_mean,"[0.5399999999999998,0.5999999999999998)",31400,0.153808474161156,30437,963,0.0306687898089172,0.019628320636006016,5.9807657864746394e-05,0.009076351966859773,0.5999999999999998,False,ext_mean
ext_mean,"[0.5999999999999998,0.6599999999999997)",28956,0.14183688464364438,28125,831,0.028698715292167425,-0.0487951832280962,0.0003300754608978512,0.009076351966859773,0.6599999999999997,False,ext_mean
ext_mean,"[0.6599999999999997,inf)",32979,0.16154298310066129,32171,808,0.024500439673731767,-0.21126948466734777,0.006537148797748056,0.009076351966859773,inf,False,ext_mean
avg_credit_overdue_days,"[-inf,inf)",204150,1.0,198007,6143,0.03009061964241979,0.0,0.0,0.0,inf,False,avg_credit_overdue_days
ever_delinquent_flag,"[-inf,inf)",204150,1.0,198007,6143,0.03009061964241979,0.0,0.0,0.0,inf,False,ever_delinquent_flag
PL_max_dpd_l6m,"[-inf,inf)",204150,1.0,198007,6143,0.03009061964241979,0.0,0.0,0.0,inf,False,PL_max_dpd_l6m
total_tradelines,"[-inf,2.0)",23331,0.1142836149889787,22732,599,0.025673995971025675,-0.16327814287838596,0.0028238402657352227,0.006420847245424271,2.0,False,total_tradelines
total_tradelines,"[2.0,5.0)",93253,0.4567866764633848,90543,2710,0.029060727268827812,-0.03588707967026615,0.0005784703428054958,0.006420847245424271,5.0,False,total_tradelines
total_tradelines,"[5.0,10.0)",59554,0.29171687484692627,57670,1884,0.03163515464956174,0.051649229950026875,0.0007973717934892082,0.006420847245424271,10.0,False,total_tradelines
total_tradelines,"[10.0,inf)",28012,0.13721283370071027,27062,950,0.033914036841353704,0.1235653371941739,0.0022211648433943442,0.006420847245424271,inf,False,total_tradelines
avg_credit_grant_ratio,"[-inf,0.42)",30200,0.147930443301494,28684,1516,0.050198675496688744,0.5327249726230284,0.05429607132750016,0.0723362163686361,0.42,False,avg_credit_grant_ratio
avg_credit_grant_ratio,"[0.42,1.1000000000000005)",146225,0.716262552045065,142209,4016,0.027464523850230807,-0.09402226269297637,0.006059701305196076,0.0723362163686361,1.1000000000000005,False,avg_credit_grant_ratio
avg_credit_grant_ratio,"[1.1000000000000005,inf)",27725,0.1358070046534411,27114,611,0.022037871956717765,-0.3197193580445624,0.011980443735939872,0.0723362163686361,inf,False,avg_credit_grant_ratio
high_credit_hunger_flag,"[-inf,1.0)",174261,0.8535929463629685,169036,5225,0.029983759992195616,-0.003667750715441515,1.146310012528424e-05,7.752087076807625e-05,1.0,False,high_credit_hunger_flag
high_credit_hunger_flag,"[1.0,inf)",29889,0.1464070536370316,28971,918,0.03071364046973803,0.0211359434086397,6.605777064279201e-05,7.752087076807625e-05,inf,False,high_credit_hunger_flag
total_30dpd_l12m,"[-inf,1.0)",193305,0.9468772961058045,187716,5589,0.028912857918832933,-0.04114064065689547,0.00157202663128418,0.02263123240894717,1.0,False,total_30dpd_l12m
total_30dpd_l12m,"[1.0,inf)",10845,0.05312270389419545,10291,554,0.05108344859382204,0.5511288423343691,0.02105920577766299,0.02263123240894717,inf,False,total_30dpd_l12m
on_us_max_dpd,"[-inf,5.0)",177170,0.867842272838599,175392,1778,0.010035559067562228,-1.1185451703488163,0.667046354920842,2.10431823804906,5.0,False,on_us_max_dpd
on_us_max_dpd,"[5.0,15.0)",14391,0.07049228508449669,13671,720,0.050031269543464665,0.5292082935012856,0.025488556963220742,2.10431823804906,15.0,False,on_us_max_dpd
on_us_max_dpd,"[15.0,inf)",12589,0.061665442076904234,8944,3645,0.2895384859798237,2.575362610471055,1.4117833261649975,2.10431823804906,inf,False,on_us_max_dpd
avg_prev_term,"[-inf,7.0)",29592,0.14495224099926524,28852,740,0.02500675858340092,-0.19029524600217093,0.004804898910513242,0.04625201525954408,7.0,False,avg_prev_term
avg_prev_term,"[7.0,10.0)",29979,0.14684790595150624,28852,1127,0.037592981753894396,0.23036908183938995,0.008696163184494848,0.04625201525954408,10.0,False,avg_prev_term
avg_prev_term,"[10.0,12.0)",28078,0.13753612539799168,27155,923,0.03287271173160482,0.09130192545708349,0.001197032474378011,0.04625201525954408,12.0,False,avg_prev_term
avg_prev_term,"[12.0,13.0)",29546,0.1447269164829782,28892,654,0.022134975969674404,-0.3152235062903619,0.012436006410126675,0.04625201525954408,13.0,False,avg_prev_term
avg_prev_term,"[13.0,18.0)",30220,0.14802841048248835,29064,1156,0.03825281270681668,0.2484546367544619,0.010285768710044593,0.04625201525954408,18.0,False,avg_prev_term
avg_prev_term,"[18.0,24.0)",26071,0.12770511878520696,25280,791,0.03034022477081815,0.008518280930037085,9.303609591105142e-06,0.04625201525954408,24.0,False,avg_prev_term
avg_prev_term,"[24.0,26.0)",10800,0.05290227773695812,10584,216,0.02,-0.41883113668744965,0.007660707441451541,0.04625201525954408,26.0,False,avg_prev_term
avg_prev_term,"[26.0,inf)",19864,0.0973010041636052,19328,536,0.02698348771647201,-0.11218677824056256,0.001162134518944065,0.04625201525954408,inf,False,avg_prev_term
avg_instalment_remaining,"[-inf,3.0)",11264,0.05517511633602743,10094,1170,0.10387073863636363,1.318051722314771,0.1838454014132092,0.2649094320106339,3.0,False,avg_instalment_remaining
avg_instalment_remaining,"[3.0,5.0)",37038,0.18142542248346805,35609,1429,0.03858199686808143,0.257365645474966,0.013585153866065876,0.2649094320106339,5.0,False,avg_instalment_remaining
avg_instalment_remaining,"[5.0,17.0)",132158,0.6473573352926769,128997,3161,0.023918340168586086,-0.23591155362064045,0.0322980703146936,0.2649094320106339,17.0,False,avg_instalment_remaining
avg_instalment_remaining,"[17.0,inf)",23690,0.11604212588782757,23307,383,0.016167159138877164,-0.6354848730147076,0.0351808064166652,0.2649094320106339,inf,False,avg_instalment_remaining
children_ratio,"[-inf,0.3333333333333333)",142114,0.6961253979916728,137822,4292,0.030201106154214223,0.003778988685956594,9.958869529996161e-06,0.001410245690852231,0.3333333333333333,False,children_ratio
children_ratio,"[0.3333333333333333,0.5)",33765,0.1653930933137399,32818,947,0.028046794017473717,-0.07244416972584058,0.0008390780465744188,0.001410245690852231,0.5,False,children_ratio
children_ratio,"[0.5,inf)",28271,0.1384815086945873,27367,904,0.03197623005907113,0.06272533484915649,0.000561208774747816,0.001410245690852231,inf,False,children_ratio
num_accounts_PL,"[-inf,2.0)",41173,0.2016801371540534,40106,1067,0.025915041410633183,-0.15368581531204864,0.004434567273505355,0.007816620767880061,2.0,False,num_accounts_PL
num_accounts_PL,"[2.0,4.0)",81608,0.39974528532941467,79182,2426,0.029727477698264875,-0.01251602831771201,6.225353409003247e-05,0.007816620767880061,4.0,False,num_accounts_PL
num_accounts_PL,"[4.0,11.0)",71107,0.3483076169483223,68823,2284,0.0321206069725906,0.06737946181863322,0.001632381057286787,0.007816620767880061,11.0,False,num_accounts_PL
num_accounts_PL,"[11.0,inf)",10262,0.05026696056820965,9896,366,0.035665562268563634,0.17573658075221948,0.0016874189029978863,0.007816620767880061,inf,False,num_accounts_PL
num_accounts_HL,"[-inf,inf)",204150,1.0,198007,6143,0.03009061964241979,0.0,0.0,0.0,inf,False,num_accounts_HL
PL_cnt_30dpd_l6m,"[-inf,inf)",204150,1.0,198007,6143,0.03009061964241979,0.0,0.0,0.0,inf,False,PL_cnt_30dpd_l6m
utilization_HL,"[-inf,inf)",204150,1.0,198007,6143,0.03009061964241979,0.0,0.0,0.0,inf,False,utilization_HL
total_debt_PL,"[-inf,20000.0)",84180,0.41234386480529023,81602,2578,0.030624851508671894,0.018149294466549972,0.00013698934308646883,0.004762096893096342,20000.0,False,total_debt_PL
total_debt_PL,"[20000.0,200000.0)",60593,0.29680626989958364,58809,1784,0.029442344825309854,-0.02244770883540232,0.00014799326521502756,0.004762096893096342,200000.0,False,total_debt_PL
total_debt_PL,"[200000.0,520000.0)",23815,0.11665442076904237,23008,807,0.033886206172580306,0.1227155691723525,0.00186173332947327,0.004762096893096342,520000.0,False,total_debt_PL
total_debt_PL,"[520000.0,760000.0)",10420,0.05104090129806515,10158,262,0.025143953934740882,-0.1846831861769165,0.0015977026831574181,0.004762096893096342,760000.0,False,total_debt_PL
total_debt_PL,"[760000.0,1160000.0)",10304,0.05047269164829782,9989,315,0.030570652173913044,0.016322033716660286,1.3549994408542706e-05,0.004762096893096342,1160000.0,False,total_debt_PL
total_debt_PL,"[1160000.0,inf)",14838,0.07268185157972079,14441,397,0.026755627443051624,-0.12090122001619778,0.0010041282777556147,0.004762096893096342,inf,False,total_debt_PL
total_30dpd_l3m,"[-inf,inf)",204150,1.0,198007,6143,0.03009061964241979,0.0,0.0,0.0,inf,False,total_30dpd_l3m
avg_credit_amt,"[-inf,50000.0)",31337,0.15349987754102376,30438,899,0.028688132239844275,-0.04917491089994792,0.0003627340237086785,0.005710386126354169,50000.0,False,avg_credit_amt
avg_credit_amt,"[50000.0,70000.0)",23282,0.1140435953955425,22526,756,0.032471437161755864,0.07860506099506814,0.0007312825809062817,0.005710386126354169,70000.0,False,avg_credit_amt
avg_credit_amt,"[70000.0,380000.0)",130975,0.6415625765368601,126935,4040,0.030845581217789655,0.0255587089812353,0.0004241705316191796,0.005710386126354169,380000.0,False,avg_credit_amt
avg_credit_amt,"[380000.0,inf)",18556,0.09089395052657359,18108,448,0.02414313429618452,-0.2263267147176872,0.004192198990120029,0.005710386126354169,inf,False,avg_credit_amt
num_approved,"[-inf,2.0)",53811,0.2635855988243938,52955,856,0.01590752820055379,-0.6519382377128506,0.08350966568093444,0.14695830140239613,2.0,False,num_approved
num_approved,"[2.0,3.0)",47233,0.23136419299534655,46038,1195,0.02530010797535621,-0.1783317956169323,0.006772430242975067,0.14695830140239613,3.0,False,num_approved
num_approved,"[3.0,4.0)",37477,0.1835758021062944,36221,1256,0.03351388851829122,0.11128216833926904,0.0023961816316323483,0.14695830140239613,4.0,False,num_approved
num_approved,"[4.0,inf)",65629,0.3214744060739652,62793,2836,0.04321260418412592,0.37554016779973903,0.05428002384685426,0.14695830140239613,inf,False,num_approved
min_credit_grant_ratio,"[-inf,0.9900000000000004)",123174,0.6033504775900074,118452,4722,0.03833601247016416,0.25071378486274687,0.042736301498242674,0.14476360636207927,0.9900000000000004,False,min_credit_grant_ratio
min_credit_grant_ratio,"[0.9900000000000004,1.0200000000000005)",49530,0.2426157237325496,48770,760,0.015344235816676762,-0.6885630540005446,0.08440844565889571,0.14476360636207927,1.0200000000000005,False,min_credit_grant_ratio
min_credit_grant_ratio,"[1.0200000000000005,inf)",31446,0.15403379867744305,30785,661,0.021020161546778604,-0.3680398360704473,0.01761885920494088,0.14476360636207927,inf,False,min_credit_grant_ratio
PL_max_dpd_l12m,"[-inf,inf)",204150,1.0,198007,6143,0.03009061964241979,0.0,0.0,0.0,inf,False,PL_max_dpd_l12m
own_car_age,"[-inf,7.0)",22623,0.1108155767817781,22019,604,0.026698492684436193,-0.12309763662679359,0.0015854784150986761,0.0024196754640513135,7.0,False,own_car_age
own_car_age,"[7.0,12.0)",153071,0.7497967180994367,148438,4633,0.030267000280915394,0.00602640521334827,2.730803715390205e-05,0.0024196754640513135,12.0,False,own_car_age
own_car_age,"[12.0,16.0)",11482,0.05624295860886603,11096,386,0.033617836613830346,0.11448656889334015,0.000778202430849777,0.0024196754640513135,16.0,False,own_car_age
own_car_age,"[16.0,inf)",16974,0.08314474650991918,16454,520,0.03063508895958525,0.018494085269774432,2.8686580948958088e-05,0.0024196754640513135,inf,False,own_car_age
insurance_rate,"[-inf,0.1)",96049,0.4704824883663973,93915,2134,0.022217826317816946,-0.311402803562645,0.03952142010478342,0.08750018212642173,0.1,False,insurance_rate
insurance_rate,"[0.1,0.32)",19309,0.0945824148910115,18396,913,0.04728365011134704,0.4698365133583309,0.026178653535857643,0.08750018212642173,0.32,False,insurance_rate
insurance_rate,"[0.32,0.8200000000000001)",72565,0.35544942444281163,69869,2696,0.037152897402328945,0.21813629430556078,0.01876239393552858,0.08750018212642173,0.8200000000000001,False,insurance_rate
insurance_rate,"[0.8200000000000001,inf)",16227,0.07948567229977957,15827,400,0.024650274234300856,-0.2050189128021243,0.0030377145502520817,0.08750018212642173,inf,False,insurance_rate
PL_cnt_30dpd_l3m,"[-inf,inf)",204150,1.0,198007,6143,0.03009061964241979,0.0,0.0,0.0,inf,False,PL_cnt_30dpd_l3m
social_default_cnt,"[-inf,1.0)",109108,0.5344501591966692,105912,3196,0.029292077574513325,-0.027719371308150643,0.0004053461908839814,0.004278868023386911,1.0,False,social_default_cnt
social_default_cnt,"[1.0,2.0)",25350,0.12417340191036003,24648,702,0.027692307692307693,-0.08552847482751587,0.00087273559207345,0.004278868023386911,2.0,False,social_default_cnt
social_default_cnt,"[2.0,6.0)",53776,0.2634141562576537,52099,1677,0.03118491520380839,0.03684988954709725,0.00036395496503168037,0.004278868023386911,6.0,False,social_default_cnt
social_default_cnt,"[6.0,inf)",15916,0.07796228263531717,15348,568,0.03568735863282232,0.17637012877748529,0.0026368312753977993,0.004278868023386911,inf,False,social_default_cnt
contact_count,"[-inf,3.0)",25231,0.12359049718344355,24333,898,0.03559113788593397,0.17357049698692203,0.0040429866298397395,0.008814478289303318,3.0,False,contact_count
contact_count,"[3.0,4.0)",107159,0.5249032574087681,104149,3010,0.02808910124207953,-0.07089332594067885,0.002552007320880959,0.008814478289303318,4.0,False,contact_count
contact_count,"[4.0,5.0)",46347,0.2270242468772961,44977,1370,0.02955962629727922,-0.0183513467341905,7.57996101717901e-05,0.008814478289303318,5.0,False,contact_count
contact_count,"[5.0,inf)",25413,0.12448199853049229,24548,865,0.03403769724156928,0.1273330048460686,0.0021436847284108294,0.008814478289303318,inf,False,contact_count
credit_income_ratio,"[-inf,1.4000000000000004)",23717,0.11617438158216997,23116,601,0.025340473078382594,-0.17669620147928397,0.003341044821326115,0.008360579886700093,1.4000000000000004,False,credit_income_ratio
credit_income_ratio,"[1.4000000000000004,1.8000000000000003)",16793,0.08225814352192015,16329,464,0.02763056035252784,-0.08782423345287765,0.0006089428775118691,0.008360579886700093,1.8000000000000003,False,credit_income_ratio
credit_income_ratio,"[1.8000000000000003,5.000000000000002)",110560,0.5415625765368601,107265,3295,0.029802821997105645,-0.009907078790821535,5.2907739725158426e-05,0.008360579886700093,5.000000000000002,False,credit_income_ratio
credit_income_ratio,"[5.000000000000002,8.000000000000002)",37282,0.18262062209159932,36073,1209,0.03242851778338072,0.07723806998819475,0.0011299117528437007,0.008360579886700093,8.000000000000002,False,credit_income_ratio
credit_income_ratio,"[8.000000000000002,inf)",15798,0.07738427626745041,15224,574,0.03633371312824408,0.19499014876675785,0.0032277726952932508,0.008360579886700093,inf,False,credit_income_ratio
CC_cnt_30dpd_l6m,"[-inf,inf)",204150,1.0,198007,6143,0.03009061964241979,0.0,0.0,0.0,inf,False,CC_cnt_30dpd_l6m
on_us_cnt_30dpd,"[-inf,inf)",204150,1.0,198007,6143,0.03009061964241979,0.0,0.0,0.0,inf,False,on_us_cnt_30dpd
per_capita_income,"[-inf,30000.0)",13568,0.06646093558657849,13067,501,0.0369251179245283,0.21175001551889566,0.0032955981434656663,0.011709839208494024,30000.0,False,per_capita_income
per_capita_income,"[30000.0,90000.0)",106335,0.5208670095518001,102993,3342,0.031428974467484834,0.044897566841256384,0.0010724045184970549,0.011709839208494024,90000.0,False,per_capita_income
per_capita_income,"[90000.0,100000.0)",16505,0.08084741611560127,16061,444,0.0269009391093608,-0.11533552820749572,0.0010190937791920557,0.011709839208494024,100000.0,False,per_capita_income
per_capita_income,"[100000.0,155000.0)",39874,0.19531716874846927,38691,1183,0.02966845563525104,-0.01456426843093723,4.114793146942693e-05,0.011709839208494024,155000.0,False,per_capita_income
per_capita_income,"[155000.0,inf)",27868,0.1365074699975508,27195,673,0.02414956222190326,-0.22605392078915643,0.006281594835869821,0.011709839208494024,inf,False,per_capita_income
max_dpd_l1m,"[-inf,inf)",204150,1.0,198007,6143,0.03009061964241979,0.0,0.0,0.0,inf,False,max_dpd_l1m
ext_min,"[-inf,0.10999999999999999)",13781,0.0675042860641685,13292,489,0.035483636891372176,0.17043402142356406,0.002125970130812445,0.008251694667422583,0.10999999999999999,False,ext_min
ext_min,"[0.10999999999999999,0.16999999999999996)",13978,0.06846926279696301,13578,400,0.028616397195593075,-0.05175240633043343,0.00017898924197568637,0.008251694667422583,0.16999999999999996,False,ext_min
ext_min,"[0.16999999999999996,0.5099999999999999)",111257,0.5449767327945139,107775,3482,0.03129690716089774,0.04055028213597601,0.0009133986906417835,0.008251694667422583,0.5099999999999999,False,ext_min
ext_min,"[0.5099999999999999,0.6399999999999999)",42920,0.21023757041391133,41691,1229,0.02863466915191053,-0.051095286165479994,0.0005358897881849112,0.008251694667422583,0.6399999999999999,False,ext_min
ext_min,"[0.6399999999999999,inf)",22214,0.1088121479304433,21671,543,0.024444044296389664,-0.2136317588552184,0.004497446815807757,0.008251694667422583,inf,False,ext_min
CC_max_dpd_l6m,"[-inf,inf)",204150,1.0,198007,6143,0.03009061964241979,0.0,0.0,0.0,inf,False,CC_max_dpd_l6m
on_us_cnt_90dpd,"[-inf,inf)",204150,1.0,198007,6143,0.03009061964241979,0.0,0.0,0.0,inf,False,on_us_cnt_90dpd
CC_max_dpd_l12m,"[-inf,inf)",204150,1.0,198007,6143,0.03009061964241979,0.0,0.0,0.0,inf,False,CC_max_dpd_l12m
CC_max_dpd_l3m,"[-inf,inf)",204150,1.0,198007,6143,0.03009061964241979,0.0,0.0,0.0,inf,False,CC_max_dpd_l3m
debt_to_utilization_ratio,"[-inf,0.02)",54926,0.2690472691648298,53312,1614,0.029384990714779884,-0.0244567152734436,0.00015908923804430276,0.00596241111142793,0.02,False,debt_to_utilization_ratio
debt_to_utilization_ratio,"[0.02,0.2)",30819,0.15096252755326967,29813,1006,0.032642201239495114,0.08402669310433455,0.0011090052477977894,0.00596241111142793,0.2,False,debt_to_utilization_ratio
debt_to_utilization_ratio,"[0.2,0.22)",32471,0.15905461670340437,31547,924,0.0284561608820178,-0.05753254322019432,0.0005124736362269929,0.00596241111142793,0.22,False,debt_to_utilization_ratio
debt_to_utilization_ratio,"[0.22,0.5)",44458,0.21777124663237815,42993,1465,0.03295244950290162,0.09380709214816342,0.0020031696484410564,0.00596241111142793,0.5,False,debt_to_utilization_ratio
debt_to_utilization_ratio,"[0.5,0.62)",14395,0.07051187852069557,13981,414,0.028759986106286904,-0.04659940873933341,0.0001498093313010483,0.00596241111142793,0.62,False,debt_to_utilization_ratio
debt_to_utilization_ratio,"[0.62,inf)",27081,0.13265246142542247,26361,720,0.026586905948820207,-0.12740055073067508,0.00202886400961674,0.00596241111142793,inf,False,debt_to_utilization_ratio
total_exposure_AL,"[-inf,900000.0)",193460,0.9476365417585109,187609,5851,0.03024397808332472,0.005241738394240862,2.6101323872698445e-05,0.0005221896351111917,900000.0,False,total_exposure_AL
total_exposure_AL,"[900000.0,inf)",10690,0.0523634582414891,10398,292,0.027315247895229187,-0.0996257952522025,0.0004960883112384932,0.0005221896351111917,inf,False,total_exposure_AL
num_accounts_CC,"[-inf,1.0)",60619,0.2969336272348763,58839,1780,0.02936373084346492,-0.02520237462031278,0.0001863831006448005,0.0012327475700176333,1.0,False,num_accounts_CC
num_accounts_CC,"[1.0,2.0)",85975,0.42113641929953466,83433,2542,0.02956673451584763,-0.018103580365445588,0.00013685512088224295,0.0012327475700176333,2.0,False,num_accounts_CC
num_accounts_CC,"[2.0,4.0)",43444,0.21280431055596374,42086,1358,0.031258631801859865,0.039287046743249704,0.0003345914797912582,0.0012327475700176333,4.0,False,num_accounts_CC
num_accounts_CC,"[4.0,inf)",14112,0.06912564290962528,13649,463,0.03280895691609977,0.08929467765321546,0.0005749178686993317,0.0012327475700176333,inf,False,num_accounts_CC
